{"_wandb":{"runtime":7700},"_runtime":7700.10783336,"_timestamp":1.7299642106455767e+09,"params/linout.weight":0.874142889248024,"params/conv2.weight":0.07631444243520871,"_step":308,"params/conv1.weight":0.7136184881252721,"valnll/prior_prec_100.0":1.419678759452752,"timing/predictive_natural_sec":0.05010986328125,"params/lin1.weight":0.0035832140743371713,"valnll/prior_prec_1000.0":1.4198587982662818,"train/nll":-1.5265750768749209,"valnll/prior_prec_10.0":355.2413353826969,"params/lin2.weight":0.013333867850265604,"valnll/prior_prec_0.01":732.4882304804411,"params/conv3.weight":0.0018584997138259235,"valnll/prior_prec_0.1":484.23509799036776,"prior_prec_opt":100,"timing/predictive_mean_sec":0.04426431655883789,"train/perf":0.0006294822423506645,"valid/nll":1.419678759452752,"timing/predictive_mc_sec":1.5268783569335938,"params/linout.bias":0.115941533624404,"epoch":300,"params/conv2.bias":0.013833554626425075,"valnll/prior_prec_10000.0":1.4262812448299793,"timing/mapred_sec":0.0006072521209716797,"params/conv1.bias":0.40740972777951695,"train/loss":-0.7178321344560258,"params/lin2.bias":0.047129625048422774,"params/conv3.bias":0.003803120141573491,"params/lin1.bias":0.042487116680334794,"train/lr":0.0001,"valnll/prior_prec_1.0":778.4295856024478}